poids,puissance,carburant,portes,type
416.0,81.0,essence,0,moto
320.0,93.0,essence,0,moto
151.0,73.0,essence,0,moto
477.0,96.0,essence,0,moto
478.0,64.0,essence,0,moto
396.0,30.0,essence,0,moto
159.0,16.0,essence,0,moto
118.0,37.0,essence,0,moto
371.0,77.0,essence,0,moto
397.0,95.0,essence,0,moto
105.0,11.0,essence,0,moto
204.0,28.0,essence,0,moto
239.0,33.0,essence,0,moto
341.0,83.0,essence,0,moto
168.0,92.0,essence,0,moto
390.0,23.0,essence,0,moto
426.0,51.0,essence,0,moto
354.0,18.0,essence,0,moto
462.0,34.0,essence,0,moto
102.0,97.0,essence,0,moto
439.0,12.0,essence,0,moto
301.0,20.0,essence,1,moto
377.0,62.0,essence,0,moto
311.0,19.0,essence,1,moto
241.0,11.0,essence,0,moto
156.0,27.0,essence,0,moto
182.0,57.0,essence,0,moto
436.0,23.0,essence,0,moto
106.0,31.0,electrique,0,moto
388.0,52.0,essence,0,moto
440.0,39.0,essence,0,moto
446.0,35.0,essence,0,moto
116.0,42.0,essence,0,moto
303.0,99.0,essence,0,moto
305.0,27.0,essence,0,moto
390.0,52.0,essence,0,moto
291.0,85.0,essence,0,moto
474.0,96.0,electrique,0,moto
188.0,62.0,essence,0,moto
327.0,27.0,electrique,0,moto
193.0,77.0,electrique,0,moto
286.0,39.0,essence,0,moto
418.0,94.0,essence,0,moto
433.0,61.0,electrique,0,moto
126.0,97.0,essence,0,moto
113.0,65.0,essence,0,moto
219.0,97.0,essence,0,moto
191.0,59.0,essence,0,moto
169.0,16.0,essence,0,moto
250.0,69.0,essence,0,moto
426.0,69.0,essence,0,moto
239.0,54.0,essence,0,moto
412.0,82.0,essence,0,moto
399.0,67.0,essence,1,moto
354.0,32.0,essence,0,moto
434.0,16.0,electrique,0,moto
452.0,11.0,essence,0,moto
491.0,29.0,essence,0,moto
301.0,48.0,essence,0,moto
411.0,43.0,essence,0,moto
363.0,87.0,essence,0,moto
236.0,28.0,essence,1,moto
78.0,33.0,essence,0,moto
431.0,29.0,essence,0,moto
419.0,30.0,essence,0,moto
209.0,83.0,essence,0,moto
181.0,85.0,essence,0,moto
291.0,34.0,essence,0,moto
275.0,48.0,essence,0,moto
283.0,38.0,essence,0,moto
189.0,33.0,essence,0,moto
461.0,42.0,essence,1,moto
131.0,57.0,essence,0,moto
239.0,13.0,essence,1,moto
179.0,30.0,electrique,0,moto
294.0,99.0,essence,0,moto
128.0,96.0,essence,0,moto
296.0,43.0,essence,0,moto
230.0,18.0,essence,0,moto
211.0,58.0,essence,0,moto
368.0,15.0,essence,1,moto
100.0,88.0,essence,0,moto
271.0,21.0,essence,0,moto
459.0,83.0,essence,0,moto
100.0,84.0,essence,0,moto
278.0,75.0,essence,0,moto
437.0,48.0,essence,0,moto
357.0,96.0,essence,0,moto
456.0,80.0,essence,0,moto
479.0,67.0,essence,0,moto
438.0,29.0,essence,0,moto
347.0,87.0,essence,0,moto
125.0,98.0,essence,0,moto
306.0,57.0,essence,0,moto
125.0,10.0,essence,0,moto
279.0,37.0,essence,0,moto
364.0,35.0,electrique,0,moto
260.0,80.0,essence,1,moto
270.0,65.0,essence,0,moto
294.0,34.0,essence,0,moto
200.0,59.0,essence,0,moto
100.0,69.0,essence,0,moto
127.0,34.0,essence,0,moto
122.0,93.0,essence,0,moto
361.0,98.0,electrique,1,moto
134.0,58.0,essence,0,moto
335.0,94.0,essence,0,moto
207.0,92.0,essence,0,moto
430.0,24.0,essence,0,moto
480.0,52.0,essence,0,moto
142.0,45.0,essence,0,moto
437.0,71.0,essence,0,moto
191.0,34.0,essence,0,moto
160.0,84.0,essence,0,moto
389.0,40.0,essence,0,moto
138.0,16.0,essence,0,moto
412.0,31.0,essence,0,moto
205.0,36.0,essence,0,moto
449.0,42.0,essence,0,moto
183.0,19.0,essence,0,moto
191.0,68.0,essence,0,moto
471.0,45.0,essence,0,moto
364.0,36.0,essence,0,moto
253.0,75.0,essence,0,moto
166.0,54.0,essence,0,moto
402.0,12.0,essence,0,moto
219.0,69.0,electrique,0,moto
144.0,51.0,essence,0,moto
198.0,33.0,essence,0,moto
342.0,76.0,essence,0,moto
244.0,60.0,essence,0,moto
280.0,26.0,electrique,0,moto
294.0,95.0,electrique,1,moto
226.0,22.0,essence,0,moto
422.0,45.0,electrique,0,moto
485.0,45.0,essence,0,moto
431.0,33.0,essence,0,moto
316.0,13.0,essence,1,moto
363.0,54.0,essence,0,moto
435.0,33.0,essence,0,moto
254.0,75.0,essence,0,moto
231.0,49.0,essence,0,moto
403.0,36.0,electrique,0,moto
454.0,97.0,essence,0,moto
176.0,98.0,essence,0,moto
326.0,74.0,electrique,0,moto
377.0,87.0,essence,0,moto
378.0,33.0,essence,0,moto
230.0,90.0,essence,0,moto
143.0,31.0,essence,0,moto
105.0,58.0,electrique,0,moto
382.0,39.0,electrique,0,moto
393.0,87.0,essence,0,moto
310.0,45.0,essence,0,moto
481.0,11.0,essence,0,moto
305.0,12.0,essence,0,moto
298.0,55.0,essence,0,moto
347.0,90.0,essence,1,moto
427.0,63.0,essence,0,moto
361.0,16.0,essence,0,moto
328.0,58.0,essence,0,moto
118.0,74.0,essence,0,moto
233.0,43.0,essence,0,moto
105.0,28.0,essence,1,moto
248.0,74.0,essence,0,moto
402.0,50.0,essence,0,moto
430.0,21.0,essence,0,moto
401.0,29.0,essence,0,moto
336.0,36.0,essence,0,moto
462.0,64.0,electrique,0,moto
366.0,72.0,essence,0,moto
382.0,24.0,essence,0,moto
354.0,85.0,essence,0,moto
394.0,76.0,essence,0,moto
495.0,45.0,essence,1,moto
449.0,51.0,essence,0,moto
259.0,50.0,essence,1,moto
440.0,93.0,essence,0,moto
425.0,11.0,essence,0,moto
442.0,42.0,essence,0,moto
288.0,31.0,essence,0,moto
175.0,74.0,essence,0,moto
262.0,53.0,essence,0,moto
160.0,16.0,essence,0,moto
247.0,72.0,essence,0,moto
265.0,92.0,essence,0,moto
397.0,39.0,essence,0,moto
289.0,41.0,essence,0,moto
192.0,51.0,essence,0,moto
189.0,27.0,essence,0,moto
357.0,19.0,electrique,0,moto
177.0,67.0,essence,0,moto
448.0,54.0,essence,0,moto
283.0,59.0,essence,0,moto
103.0,90.0,essence,0,moto
417.0,17.0,essence,0,moto
349.0,51.0,electrique,0,moto
269.0,88.0,essence,0,moto
267.0,90.0,essence,0,moto
153.0,69.0,essence,0,moto
205.0,85.0,essence,0,moto
234.0,85.0,essence,0,moto
338.0,83.0,essence,0,moto
333.0,24.0,essence,0,moto
164.0,16.0,essence,0,moto
182.0,49.0,essence,0,moto
445.0,58.0,essence,0,moto
236.0,16.0,essence,0,moto
366.0,73.0,essence,0,moto
243.0,83.0,essence,0,moto
138.0,76.0,essence,0,moto
110.0,52.0,electrique,1,moto
342.0,78.0,essence,0,moto
192.0,85.0,essence,0,moto
282.0,65.0,essence,0,moto
455.0,84.0,essence,0,moto
120.0,12.0,essence,0,moto
222.0,53.0,essence,0,moto
142.0,94.0,essence,0,moto
483.0,46.0,essence,0,moto
403.0,75.0,essence,0,moto
228.0,25.0,electrique,0,moto
148.0,43.0,electrique,0,moto
479.0,47.0,essence,0,moto
386.0,35.0,essence,0,moto
189.0,31.0,essence,0,moto
191.0,86.0,electrique,0,moto
311.0,80.0,essence,0,moto
260.0,95.0,essence,0,moto
129.0,19.0,essence,0,moto
450.0,96.0,electrique,0,moto
200.0,82.0,essence,0,moto
331.0,30.0,essence,0,moto
380.0,46.0,essence,0,moto
361.0,85.0,essence,0,moto
145.0,24.0,essence,0,moto
289.0,97.0,essence,0,moto
492.0,68.0,essence,0,moto
322.0,45.0,essence,0,moto
469.0,64.0,electrique,0,moto
435.0,15.0,electrique,0,moto
93.0,96.0,essence,1,moto
265.0,15.0,essence,0,moto
452.0,92.0,electrique,0,moto
325.0,56.0,essence,0,moto
261.0,49.0,essence,0,moto
405.0,12.0,essence,0,moto
265.0,35.0,essence,0,moto
172.0,57.0,essence,0,moto
363.0,82.0,essence,1,moto
348.0,68.0,essence,0,moto
350.0,92.0,essence,0,moto
141.0,25.0,essence,0,moto
345.0,64.0,essence,0,moto
171.0,17.0,essence,0,moto
198.0,59.0,essence,0,moto
446.0,64.0,essence,0,moto
208.0,39.0,essence,0,moto
453.0,71.0,essence,0,moto
239.0,72.0,essence,1,moto
457.0,87.0,essence,0,moto
99.0,87.0,essence,0,moto
256.0,89.0,essence,0,moto
382.0,52.0,essence,0,moto
128.0,39.0,essence,0,moto
328.0,28.0,essence,0,moto
253.0,93.0,essence,0,moto
111.0,12.0,essence,0,moto
458.0,15.0,essence,0,moto
222.0,96.0,electrique,0,moto
282.0,19.0,essence,0,moto
221.0,28.0,essence,0,moto
248.0,27.0,essence,1,moto
337.0,34.0,essence,0,moto
223.0,28.0,essence,0,moto
421.0,65.0,essence,0,moto
426.0,57.0,essence,0,moto
342.0,27.0,essence,0,moto
456.0,26.0,essence,0,moto
385.0,35.0,electrique,0,moto
146.0,32.0,electrique,0,moto
301.0,76.0,essence,0,moto
248.0,84.0,essence,0,moto
179.0,22.0,essence,0,moto
211.0,29.0,essence,0,moto
212.0,76.0,essence,0,moto
227.0,67.0,essence,0,moto
427.0,97.0,essence,0,moto
414.0,95.0,essence,0,moto
299.0,43.0,essence,0,moto
495.0,99.0,essence,0,moto
303.0,38.0,essence,0,moto
462.0,23.0,essence,0,moto
213.0,11.0,essence,0,moto
214.0,50.0,essence,0,moto
154.0,64.0,essence,0,moto
159.0,51.0,essence,0,moto
147.0,20.0,essence,0,moto
194.0,84.0,essence,0,moto
122.0,96.0,essence,0,moto
156.0,21.0,essence,0,moto
332.0,83.0,electrique,0,moto
180.0,69.0,essence,0,moto
182.0,78.0,essence,0,moto
184.0,76.0,essence,0,moto
133.0,90.0,electrique,0,moto
206.0,40.0,essence,0,moto
381.0,96.0,essence,0,moto
231.0,93.0,essence,0,moto
302.0,23.0,essence,0,moto
265.0,98.0,essence,0,moto
276.0,25.0,electrique,0,moto
108.0,86.0,essence,0,moto
172.0,87.0,essence,0,moto
228.0,46.0,essence,0,moto
248.0,29.0,electrique,0,moto
376.0,24.0,essence,0,moto
404.0,11.0,essence,0,moto
367.0,91.0,essence,0,moto
391.0,66.0,essence,0,moto
344.0,88.0,essence,0,moto
371.0,94.0,essence,1,moto
251.0,36.0,electrique,0,moto
213.0,76.0,essence,0,moto
450.0,35.0,essence,0,moto
154.0,72.0,essence,0,moto
264.0,80.0,essence,0,moto
210.0,68.0,essence,0,moto
134.0,45.0,essence,0,moto
186.0,14.0,electrique,0,moto
429.0,94.0,essence,0,moto
221.0,91.0,essence,0,moto
126.0,90.0,electrique,0,moto
298.0,72.0,essence,0,moto
275.0,37.0,essence,0,moto
406.0,34.0,essence,0,moto
154.0,17.0,electrique,0,moto
210.0,65.0,essence,1,moto
343.0,24.0,essence,0,moto
101.0,73.0,essence,0,moto
367.0,17.0,essence,0,moto
494.0,66.0,essence,0,moto
417.0,14.0,essence,0,moto
259.0,55.0,electrique,0,moto
427.0,70.0,essence,0,moto
183.0,97.0,essence,0,moto
196.0,21.0,essence,0,moto
460.0,84.0,essence,0,moto
116.0,52.0,essence,0,moto
133.0,33.0,essence,0,moto
444.0,86.0,essence,0,moto
207.0,34.0,essence,0,moto
306.0,61.0,essence,0,moto
264.0,74.0,essence,0,moto
430.0,75.0,essence,0,moto
443.0,29.0,essence,0,moto
229.0,20.0,essence,0,moto
355.0,58.0,essence,0,moto
497.0,97.0,electrique,0,moto
430.0,74.0,essence,0,moto
447.0,49.0,essence,0,moto
451.0,70.0,essence,0,moto
349.0,50.0,essence,1,moto
356.0,42.0,essence,0,moto
437.0,39.0,essence,0,moto
401.0,32.0,essence,0,moto
413.0,36.0,essence,0,moto
253.0,77.0,essence,0,moto
206.0,67.0,essence,0,moto
489.0,50.0,essence,0,moto
299.0,45.0,essence,0,moto
157.0,71.0,essence,0,moto
143.0,57.0,essence,0,moto
215.0,61.0,essence,0,moto
237.0,59.0,essence,0,moto
323.0,29.0,essence,0,moto
231.0,92.0,essence,0,moto
129.0,78.0,essence,0,moto
270.0,11.0,essence,0,moto
483.0,79.0,essence,0,moto
417.0,32.0,electrique,0,moto
218.0,38.0,essence,0,moto
168.0,27.0,essence,0,moto
398.0,22.0,electrique,0,moto
107.0,35.0,essence,0,moto
120.0,26.0,essence,1,moto
271.0,22.0,essence,0,moto
221.0,68.0,essence,0,moto
490.0,12.0,electrique,0,moto
109.0,50.0,essence,1,moto
193.0,25.0,essence,0,moto
282.0,20.0,essence,0,moto
245.0,21.0,essence,0,moto
251.0,50.0,essence,0,moto
125.0,15.0,essence,0,moto
431.0,37.0,essence,0,moto
295.0,83.0,essence,0,moto
84.0,16.0,essence,0,moto
283.0,76.0,essence,1,moto
319.0,69.0,essence,0,moto
1939.0,342.0,essence,3,voiture
1848.0,59.0,essence,4,voiture
2232.0,250.0,essence,2,voiture
412.0,227.0,essence,2,voiture
1137.0,271.0,essence,4,voiture
502.0,319.0,electrique,4,voiture
2275.0,270.0,electrique,3,voiture
2177.0,258.0,essence,3,voiture
703.0,106.0,electrique,3,voiture
2544.0,202.0,essence,2,voiture
1264.0,53.0,essence,4,voiture
1425.0,78.0,essence,2,voiture
2455.0,197.0,essence,2,voiture
1405.0,434.0,essence,2,voiture
1762.0,415.0,electrique,3,voiture
1288.0,416.0,electrique,4,voiture
1150.0,125.0,essence,4,voiture
2403.0,236.0,diesel,4,voiture
621.0,264.0,electrique,2,voiture
504.0,381.0,diesel,4,voiture
707.0,394.0,electrique,2,voiture
973.0,428.0,essence,3,voiture
1354.0,85.0,essence,3,voiture
2688.0,447.0,essence,2,voiture
597.0,341.0,essence,4,voiture
463.0,262.0,diesel,2,voiture
2339.0,449.0,essence,3,voiture
1726.0,432.0,essence,2,voiture
656.0,288.0,diesel,3,voiture
1471.0,67.0,essence,3,voiture
499.0,362.0,electrique,3,voiture
2464.0,78.0,essence,4,voiture
1854.0,275.0,diesel,4,voiture
1711.0,268.0,essence,2,voiture
2792.0,223.0,essence,2,voiture
1607.0,306.0,electrique,2,voiture
1704.0,321.0,diesel,4,voiture
1047.0,260.0,essence,4,voiture
983.0,429.0,diesel,2,voiture
1464.0,240.0,diesel,3,voiture
532.0,345.0,essence,4,voiture
1974.0,198.0,essence,4,voiture
2166.0,385.0,essence,2,voiture
1329.0,374.0,electrique,2,voiture
2548.0,209.0,electrique,3,voiture
1448.0,138.0,essence,2,voiture
434.0,158.0,essence,3,voiture
2275.0,138.0,electrique,4,voiture
2578.0,246.0,essence,2,voiture
2798.0,445.0,essence,3,voiture
1297.0,341.0,essence,3,voiture
2025.0,121.0,essence,3,voiture
2087.0,82.0,essence,4,voiture
1390.0,425.0,essence,4,voiture
1529.0,123.0,electrique,3,voiture
419.0,202.0,essence,3,voiture
938.0,334.0,essence,2,voiture
2537.0,246.0,diesel,2,voiture
1422.0,196.0,diesel,4,voiture
2666.0,254.0,essence,4,voiture
1065.0,326.0,electrique,3,voiture
2410.0,400.0,essence,3,voiture
865.0,323.0,diesel,3,voiture
810.0,267.0,diesel,4,voiture
879.0,185.0,essence,4,voiture
2491.0,99.0,essence,3,voiture
1681.0,354.0,diesel,4,voiture
1672.0,50.0,essence,2,voiture
2257.0,342.0,electrique,3,voiture
1274.0,440.0,diesel,3,voiture
1674.0,441.0,essence,2,voiture
2715.0,187.0,essence,3,voiture
433.0,204.0,diesel,2,voiture
2758.0,294.0,essence,4,voiture
2445.0,205.0,diesel,4,voiture
910.0,322.0,electrique,3,voiture
986.0,202.0,essence,2,voiture
1442.0,196.0,electrique,3,voiture
2357.0,313.0,essence,3,voiture
2658.0,155.0,diesel,2,voiture
1607.0,255.0,diesel,4,voiture
1551.0,341.0,essence,2,voiture
1806.0,66.0,essence,2,voiture
2723.0,165.0,electrique,3,voiture
1777.0,207.0,essence,4,voiture
1472.0,303.0,diesel,4,voiture
441.0,66.0,essence,4,voiture
1761.0,117.0,diesel,4,voiture
402.0,127.0,essence,4,voiture
1903.0,310.0,diesel,3,voiture
509.0,49.0,electrique,2,voiture
893.0,219.0,electrique,4,voiture
1631.0,327.0,diesel,2,voiture
1534.0,447.0,diesel,4,voiture
2354.0,288.0,essence,3,voiture
1906.0,139.0,essence,2,voiture
2143.0,218.0,electrique,4,voiture
499.0,139.0,essence,2,voiture
965.0,373.0,diesel,2,voiture
838.0,125.0,electrique,3,voiture
1256.0,87.0,electrique,4,voiture
1518.0,83.0,diesel,4,voiture
2428.0,238.0,electrique,2,voiture
1460.0,96.0,essence,4,voiture
1950.0,375.0,essence,3,voiture
1234.0,272.0,essence,4,voiture
2318.0,70.0,diesel,3,voiture
990.0,305.0,essence,2,voiture
1465.0,301.0,electrique,3,voiture
2745.0,54.0,essence,3,voiture
715.0,422.0,essence,4,voiture
802.0,349.0,essence,4,voiture
2737.0,100.0,electrique,4,voiture
1630.0,344.0,essence,2,voiture
1927.0,287.0,diesel,4,voiture
2652.0,299.0,diesel,2,voiture
2408.0,70.0,diesel,4,voiture
2178.0,72.0,essence,4,voiture
426.0,348.0,electrique,2,voiture
1234.0,269.0,diesel,2,voiture
1189.0,138.0,diesel,4,voiture
686.0,275.0,diesel,3,voiture
1689.0,418.0,electrique,3,voiture
1645.0,356.0,essence,2,voiture
1658.0,140.0,essence,4,voiture
1103.0,146.0,diesel,3,voiture
605.0,345.0,electrique,4,voiture
961.0,167.0,diesel,2,voiture
1508.0,50.0,diesel,3,voiture
2599.0,53.0,essence,4,voiture
1255.0,151.0,essence,3,voiture
1244.0,91.0,diesel,3,voiture
1296.0,260.0,diesel,4,voiture
1030.0,56.0,diesel,3,voiture
2413.0,330.0,electrique,2,voiture
2567.0,259.0,diesel,2,voiture
882.0,249.0,essence,4,voiture
1624.0,418.0,essence,4,voiture
2783.0,236.0,diesel,2,voiture
2500.0,101.0,essence,2,voiture
2116.0,365.0,electrique,4,voiture
1458.0,178.0,essence,3,voiture
512.0,358.0,essence,3,voiture
2204.0,164.0,electrique,2,voiture
816.0,164.0,diesel,3,voiture
1040.0,209.0,electrique,3,voiture
1077.0,130.0,electrique,3,voiture
764.0,281.0,diesel,4,voiture
2493.0,237.0,diesel,2,voiture
914.0,410.0,essence,2,voiture
1103.0,224.0,diesel,4,voiture
1928.0,90.0,electrique,3,voiture
2041.0,323.0,essence,3,voiture
1813.0,239.0,electrique,3,voiture
1920.0,117.0,diesel,2,voiture
1897.0,256.0,electrique,3,voiture
1867.0,246.0,diesel,2,voiture
501.0,77.0,essence,2,voiture
1311.0,236.0,electrique,4,voiture
2250.0,180.0,diesel,3,voiture
2730.0,360.0,diesel,4,voiture
1569.0,69.0,essence,3,voiture
1017.0,438.0,diesel,2,voiture
560.0,100.0,diesel,2,voiture
1627.0,50.0,electrique,3,voiture
486.0,353.0,diesel,3,voiture
645.0,428.0,essence,2,voiture
1578.0,127.0,diesel,2,voiture
2025.0,329.0,essence,3,voiture
2584.0,149.0,essence,3,voiture
2110.0,177.0,electrique,4,voiture
2618.0,124.0,diesel,3,voiture
2161.0,121.0,essence,3,voiture
1619.0,369.0,essence,4,voiture
1964.0,387.0,diesel,2,voiture
2432.0,83.0,essence,4,voiture
1776.0,278.0,electrique,4,voiture
1662.0,233.0,essence,4,voiture
727.0,101.0,essence,2,voiture
2231.0,77.0,electrique,2,voiture
2002.0,51.0,essence,3,voiture
647.0,333.0,essence,2,voiture
1547.0,342.0,essence,2,voiture
2748.0,316.0,diesel,3,voiture
985.0,139.0,electrique,2,voiture
863.0,406.0,essence,3,voiture
1073.0,448.0,diesel,2,voiture
1888.0,220.0,diesel,4,voiture
1315.0,89.0,electrique,2,voiture
904.0,196.0,essence,4,voiture
733.0,155.0,electrique,3,voiture
814.0,47.0,essence,3,voiture
950.0,403.0,essence,2,voiture
857.0,216.0,electrique,2,voiture
2644.0,219.0,essence,3,voiture
1162.0,403.0,electrique,2,voiture
466.0,346.0,essence,4,voiture
1629.0,164.0,essence,2,voiture
1134.0,179.0,diesel,2,voiture
2269.0,448.0,essence,3,voiture
1699.0,302.0,diesel,3,voiture
958.0,153.0,diesel,4,voiture
1664.0,317.0,essence,3,voiture
821.0,376.0,diesel,4,voiture
1508.0,73.0,essence,2,voiture
1813.0,436.0,diesel,3,voiture
915.0,301.0,electrique,3,voiture
579.0,428.0,essence,4,voiture
798.0,218.0,essence,2,voiture
2768.0,233.0,essence,4,voiture
1976.0,237.0,diesel,2,voiture
677.0,344.0,essence,4,voiture
1796.0,125.0,electrique,4,voiture
2772.0,328.0,electrique,2,voiture
1476.0,312.0,diesel,2,voiture
777.0,206.0,diesel,2,voiture
538.0,321.0,diesel,2,voiture
2471.0,392.0,diesel,2,voiture
834.0,65.0,diesel,2,voiture
1817.0,182.0,essence,2,voiture
1982.0,179.0,essence,4,voiture
2555.0,211.0,essence,3,voiture
1378.0,323.0,essence,2,voiture
531.0,444.0,essence,3,voiture
2484.0,249.0,diesel,3,voiture
2225.0,161.0,electrique,2,voiture
1114.0,319.0,essence,4,voiture
697.0,409.0,essence,2,voiture
1025.0,428.0,essence,3,voiture
2637.0,285.0,essence,2,voiture
2061.0,266.0,electrique,2,voiture
632.0,138.0,diesel,3,voiture
1959.0,446.0,diesel,3,voiture
1283.0,143.0,essence,2,voiture
2085.0,109.0,essence,4,voiture
446.0,334.0,electrique,3,voiture
1796.0,59.0,electrique,2,voiture
751.0,133.0,electrique,3,voiture
1040.0,175.0,essence,3,voiture
1418.0,216.0,essence,4,voiture
1928.0,186.0,diesel,2,voiture
2055.0,252.0,diesel,4,voiture
1414.0,69.0,essence,2,voiture
1572.0,331.0,diesel,3,voiture
1765.0,116.0,essence,3,voiture
1028.0,56.0,essence,2,voiture
1795.0,210.0,electrique,4,voiture
1484.0,442.0,electrique,4,voiture
807.0,372.0,essence,3,voiture
2622.0,326.0,diesel,2,voiture
834.0,331.0,diesel,2,voiture
2691.0,116.0,essence,3,voiture
1847.0,282.0,diesel,4,voiture
1836.0,427.0,diesel,2,voiture
2096.0,225.0,diesel,3,voiture
2664.0,57.0,electrique,2,voiture
2546.0,134.0,essence,3,voiture
960.0,276.0,electrique,2,voiture
1207.0,441.0,essence,2,voiture
1597.0,402.0,essence,4,voiture
1534.0,325.0,diesel,3,voiture
2770.0,347.0,essence,2,voiture
1030.0,146.0,diesel,2,voiture
1584.0,292.0,diesel,3,voiture
1777.0,285.0,essence,4,voiture
573.0,329.0,essence,2,voiture
1419.0,330.0,essence,2,voiture
2407.0,73.0,diesel,2,voiture
1503.0,143.0,electrique,3,voiture
453.0,449.0,essence,4,voiture
2299.0,114.0,electrique,2,voiture
747.0,105.0,electrique,4,voiture
2758.0,390.0,diesel,3,voiture
2077.0,253.0,diesel,2,voiture
2103.0,333.0,essence,4,voiture
540.0,222.0,essence,3,voiture
1623.0,409.0,essence,4,voiture
1696.0,348.0,diesel,4,voiture
1999.0,241.0,diesel,4,voiture
2625.0,125.0,essence,2,voiture
1018.0,341.0,essence,2,voiture
2691.0,369.0,diesel,3,voiture
2165.0,416.0,essence,4,voiture
2053.0,358.0,electrique,3,voiture
2149.0,400.0,diesel,4,voiture
1005.0,369.0,electrique,4,voiture
436.0,330.0,diesel,4,voiture
1230.0,229.0,diesel,4,voiture
1023.0,251.0,essence,2,voiture
1016.0,259.0,electrique,3,voiture
757.0,311.0,essence,3,voiture
1350.0,301.0,electrique,2,voiture
953.0,338.0,electrique,3,voiture
1457.0,217.0,essence,4,voiture
2516.0,263.0,essence,2,voiture
1776.0,265.0,essence,4,voiture
2051.0,263.0,diesel,3,voiture
1332.0,382.0,essence,2,voiture
2130.0,301.0,electrique,3,voiture
1644.0,58.0,electrique,4,voiture
1780.0,321.0,essence,3,voiture
1383.0,222.0,essence,4,voiture
2061.0,355.0,essence,3,voiture
1991.0,291.0,essence,2,voiture
2343.0,436.0,essence,2,voiture
1107.0,253.0,essence,2,voiture
1719.0,122.0,electrique,4,voiture
2043.0,397.0,electrique,2,voiture
674.0,389.0,essence,3,voiture
2356.0,70.0,diesel,4,voiture
1158.0,248.0,electrique,4,voiture
2152.0,71.0,essence,3,voiture
1922.0,387.0,electrique,4,voiture
401.0,385.0,essence,4,voiture
2636.0,268.0,essence,2,voiture
546.0,255.0,essence,3,voiture
2127.0,329.0,essence,2,voiture
929.0,319.0,diesel,4,voiture
1015.0,290.0,essence,3,voiture
580.0,145.0,essence,4,voiture
1962.0,416.0,essence,3,voiture
2212.0,180.0,essence,2,voiture
2368.0,138.0,diesel,2,voiture
742.0,299.0,essence,4,voiture
2607.0,406.0,essence,4,voiture
2290.0,335.0,electrique,2,voiture
2532.0,195.0,diesel,2,voiture
2165.0,430.0,diesel,3,voiture
2760.0,236.0,essence,3,voiture
1075.0,234.0,electrique,2,voiture
2286.0,328.0,essence,3,voiture
1357.0,428.0,diesel,4,voiture
965.0,256.0,essence,3,voiture
2571.0,193.0,essence,3,voiture
1337.0,320.0,electrique,2,voiture
1337.0,304.0,electrique,2,voiture
2389.0,292.0,essence,4,voiture
2460.0,257.0,essence,2,voiture
2722.0,416.0,diesel,3,voiture
434.0,351.0,electrique,3,voiture
1041.0,332.0,diesel,3,voiture
1814.0,122.0,essence,2,voiture
1379.0,345.0,essence,3,voiture
520.0,135.0,essence,3,voiture
1020.0,50.0,essence,4,voiture
826.0,140.0,essence,4,voiture
2518.0,95.0,electrique,3,voiture
413.0,368.0,diesel,4,voiture
2444.0,400.0,essence,4,voiture
1845.0,448.0,electrique,4,voiture
654.0,118.0,essence,2,voiture
1898.0,358.0,essence,3,voiture
2028.0,80.0,diesel,2,voiture
2165.0,200.0,essence,2,voiture
460.0,224.0,essence,4,voiture
1202.0,260.0,electrique,2,voiture
552.0,55.0,diesel,2,voiture
1745.0,65.0,essence,3,voiture
2131.0,103.0,essence,2,voiture
1962.0,369.0,essence,2,voiture
439.0,403.0,essence,4,voiture
2332.0,382.0,diesel,2,voiture
501.0,267.0,diesel,4,voiture
1267.0,205.0,diesel,4,voiture
408.0,162.0,diesel,4,voiture
1601.0,323.0,essence,2,voiture
864.0,235.0,diesel,2,voiture
1525.0,287.0,diesel,4,voiture
2231.0,189.0,diesel,4,voiture
599.0,408.0,electrique,3,voiture
1442.0,203.0,diesel,4,voiture
605.0,245.0,electrique,4,voiture
1681.0,210.0,essence,4,voiture
1627.0,60.0,electrique,3,voiture
710.0,117.0,essence,2,voiture
2186.0,423.0,diesel,2,voiture
2202.0,389.0,electrique,3,voiture
1025.0,173.0,essence,2,voiture
530.0,233.0,essence,3,voiture
1589.0,75.0,diesel,2,voiture
2268.0,345.0,electrique,3,voiture
2324.0,400.0,electrique,4,voiture
2571.0,84.0,diesel,4,voiture
1788.0,206.0,diesel,2,voiture
1229.0,182.0,essence,4,voiture
2285.0,63.0,essence,2,voiture
424.0,446.0,essence,2,voiture
2201.0,252.0,electrique,2,voiture
433.0,249.0,electrique,4,voiture
784.0,429.0,essence,2,voiture
2662.0,50.0,essence,2,voiture
987.0,92.0,essence,3,voiture
1646.0,328.0,essence,3,voiture
1056.0,260.0,diesel,2,voiture
729.0,136.0,essence,4,voiture
733.0,411.0,essence,3,voiture
1273.0,123.0,essence,3,voiture
988.0,104.0,essence,4,voiture
639.0,184.0,diesel,4,voiture
1842.0,441.0,essence,3,voiture
1937.0,376.0,essence,3,voiture
762.0,349.0,diesel,2,voiture
1655.0,154.0,essence,3,voiture
2179.0,395.0,diesel,4,voiture
1582.0,246.0,diesel,3,voiture
590.0,289.0,essence,3,voiture
2406.0,108.0,diesel,2,voiture
1981.0,89.0,electrique,2,voiture
1936.0,149.0,essence,2,voiture
1522.0,162.0,electrique,2,voiture
1967.0,441.0,diesel,4,voiture
2460.0,228.0,essence,4,voiture
1265.0,166.0,essence,4,voiture
2494.0,206.0,essence,2,voiture
779.0,394.0,essence,4,voiture
680.0,147.0,diesel,2,voiture
2495.0,391.0,diesel,4,voiture
640.0,166.0,diesel,4,voiture
390.0,399.0,essence,4,voiture
1373.0,48.0,electrique,4,voiture
2722.0,319.0,diesel,4,voiture
2623.0,325.0,electrique,3,voiture
1135.0,359.0,essence,3,voiture
2327.0,88.0,essence,3,voiture
1527.0,264.0,essence,4,voiture
565.0,242.0,essence,3,voiture
2509.0,58.0,essence,3,voiture
617.0,199.0,diesel,3,voiture
1530.0,216.0,essence,3,voiture
2218.0,168.0,essence,2,voiture
2541.0,335.0,diesel,4,voiture
1649.0,197.0,essence,3,voiture
1924.0,192.0,diesel,3,voiture
477.0,359.0,electrique,3,voiture
923.0,310.0,electrique,4,voiture
2332.0,90.0,diesel,3,voiture
862.0,404.0,diesel,4,voiture
2452.0,432.0,essence,3,voiture
2042.0,356.0,diesel,4,voiture
2537.0,294.0,essence,2,voiture
1938.0,415.0,essence,4,voiture
2770.0,193.0,electrique,2,voiture
2273.0,384.0,diesel,3,voiture
2380.0,408.0,diesel,4,voiture
2594.0,95.0,electrique,4,voiture
1332.0,400.0,diesel,3,voiture
477.0,285.0,essence,3,voiture
1472.0,106.0,essence,3,voiture
2130.0,265.0,diesel,2,voiture
1395.0,92.0,essence,2,voiture
2696.0,311.0,essence,4,voiture
1074.0,338.0,essence,3,voiture
2045.0,365.0,diesel,4,voiture
1369.0,344.0,diesel,3,voiture
1564.0,292.0,essence,3,voiture
2169.0,106.0,essence,3,voiture
698.0,415.0,essence,4,voiture
690.0,171.0,essence,4,voiture
2103.0,289.0,diesel,2,voiture
549.0,368.0,electrique,3,voiture
994.0,105.0,essence,2,voiture
1365.0,85.0,diesel,2,voiture
2158.0,283.0,electrique,2,voiture
2234.0,116.0,diesel,4,voiture
1257.0,375.0,diesel,4,voiture
1815.0,448.0,diesel,3,voiture
1158.0,401.0,electrique,2,voiture
2555.0,336.0,diesel,4,voiture
1372.0,397.0,electrique,2,voiture
1615.0,47.0,essence,4,voiture
1438.0,313.0,electrique,4,voiture
2539.0,331.0,essence,3,voiture
2377.0,173.0,electrique,2,voiture
732.0,252.0,essence,3,voiture
1212.0,367.0,electrique,2,voiture
911.0,247.0,essence,3,voiture
1866.0,346.0,essence,2,voiture
2777.0,54.0,essence,3,voiture
1990.0,119.0,essence,4,voiture
1002.0,104.0,electrique,2,voiture
2262.0,449.0,diesel,2,voiture
1224.0,145.0,essence,3,voiture
550.0,155.0,electrique,2,voiture
1397.0,145.0,essence,4,voiture
2240.0,73.0,diesel,4,voiture
1478.0,116.0,essence,4,voiture
1959.0,449.0,essence,4,voiture
1472.0,90.0,diesel,2,voiture
2376.0,47.0,diesel,2,voiture
2099.0,234.0,diesel,4,voiture
998.0,216.0,diesel,2,voiture
699.0,252.0,essence,3,voiture
935.0,320.0,essence,3,voiture
2323.0,408.0,diesel,4,voiture
690.0,227.0,essence,4,voiture
2374.0,163.0,electrique,4,voiture
656.0,47.0,electrique,2,voiture
1939.0,140.0,essence,2,voiture
554.0,368.0,diesel,4,voiture
1629.0,84.0,diesel,2,voiture
2673.0,327.0,electrique,2,voiture
1597.0,210.0,essence,4,voiture
2395.0,107.0,electrique,4,voiture
1731.0,432.0,essence,3,voiture
2360.0,133.0,essence,2,voiture
1058.0,233.0,essence,3,voiture
2158.0,380.0,electrique,2,voiture
816.0,220.0,essence,4,voiture
1679.0,212.0,essence,3,voiture
1606.0,438.0,essence,3,voiture
2704.0,370.0,essence,4,voiture
2452.0,71.0,diesel,3,voiture
1565.0,319.0,electrique,2,voiture
2432.0,330.0,electrique,3,voiture
426.0,119.0,essence,4,voiture
2695.0,294.0,diesel,4,voiture
1232.0,207.0,diesel,3,voiture
2189.0,266.0,diesel,2,voiture
1134.0,322.0,diesel,4,voiture
1231.0,192.0,electrique,2,voiture
835.0,379.0,essence,4,voiture
1597.0,333.0,diesel,2,voiture
2519.0,326.0,essence,3,voiture
1902.0,148.0,electrique,4,voiture
1330.0,310.0,electrique,4,voiture
1285.0,211.0,electrique,4,voiture
2360.0,95.0,essence,4,voiture
2262.0,271.0,electrique,4,voiture
1427.0,364.0,diesel,4,voiture
1552.0,82.0,diesel,3,voiture
1338.0,112.0,essence,3,voiture
1148.0,406.0,electrique,2,voiture
2014.0,207.0,essence,2,voiture
1057.0,402.0,essence,2,voiture
1750.0,160.0,diesel,2,voiture
1907.0,400.0,essence,4,voiture
1515.0,184.0,essence,3,voiture
2608.0,56.0,essence,3,voiture
1395.0,316.0,essence,4,voiture
2039.0,429.0,essence,3,voiture
1061.0,51.0,electrique,4,voiture
647.0,184.0,diesel,3,voiture
491.0,392.0,essence,4,voiture
2296.0,320.0,diesel,3,voiture
2604.0,164.0,essence,3,voiture
1336.0,377.0,diesel,4,voiture
706.0,344.0,essence,2,voiture
582.0,446.0,essence,2,voiture
1632.0,168.0,diesel,4,voiture
2502.0,282.0,electrique,3,voiture
928.0,340.0,electrique,4,voiture
2072.0,257.0,electrique,4,voiture
445.0,409.0,electrique,2,voiture
2647.0,183.0,essence,3,voiture
431.0,117.0,diesel,2,voiture
2751.0,430.0,diesel,4,voiture
1856.0,260.0,diesel,4,voiture
678.0,275.0,electrique,2,voiture
2276.0,402.0,essence,4,voiture
1287.0,166.0,diesel,2,voiture
2125.0,420.0,essence,4,voiture
2037.0,90.0,essence,2,voiture
1765.0,417.0,essence,2,voiture
421.0,46.0,electrique,4,voiture
2009.0,236.0,electrique,2,voiture
1074.0,105.0,essence,3,voiture
2696.0,425.0,essence,4,voiture
731.0,171.0,essence,3,voiture
1005.0,297.0,diesel,3,voiture
1233.0,136.0,electrique,3,voiture
1384.0,214.0,essence,3,voiture
600.0,148.0,diesel,3,voiture
2650.0,217.0,electrique,2,voiture
1009.0,135.0,essence,3,voiture
1086.0,305.0,essence,2,voiture
1292.0,184.0,essence,2,voiture
651.0,194.0,essence,3,voiture
550.0,194.0,essence,3,voiture
1794.0,410.0,diesel,2,voiture
805.0,304.0,diesel,2,voiture
590.0,121.0,essence,4,voiture
2056.0,154.0,electrique,2,voiture
2758.0,171.0,electrique,2,voiture
2211.0,349.0,essence,4,voiture
1545.0,186.0,essence,4,voiture
2719.0,247.0,essence,4,voiture
2259.0,343.0,diesel,2,voiture
1761.0,66.0,essence,2,voiture
2738.0,227.0,essence,2,voiture
2075.0,413.0,essence,2,voiture
699.0,128.0,diesel,3,voiture
2339.0,45.0,essence,2,voiture
2591.0,438.0,diesel,2,voiture
1431.0,395.0,essence,4,voiture
1818.0,216.0,essence,3,voiture
1363.0,82.0,electrique,3,voiture
516.0,311.0,essence,2,voiture
1125.0,279.0,essence,2,voiture
957.0,141.0,electrique,3,voiture
2761.0,357.0,essence,3,voiture
18445.0,377.0,electrique,2,camion
6351.0,238.0,essence,3,camion
23109.0,620.0,diesel,2,camion
13321.0,897.0,diesel,3,camion
15353.0,322.0,diesel,2,camion
14803.0,365.0,diesel,2,camion
7844.0,234.0,diesel,3,camion
14768.0,623.0,essence,2,camion
5994.0,679.0,diesel,3,camion
16712.0,554.0,diesel,2,camion
9238.0,758.0,diesel,2,camion
11929.0,781.0,diesel,3,camion
11425.0,521.0,diesel,3,camion
22486.0,578.0,diesel,3,camion
15915.0,678.0,diesel,3,camion
17829.0,547.0,electrique,3,camion
13694.0,309.0,diesel,3,camion
9804.0,632.0,electrique,2,camion
15989.0,582.0,diesel,2,camion
11073.0,464.0,essence,3,camion
10541.0,691.0,diesel,3,camion
7736.0,707.0,electrique,2,camion
24021.0,500.0,diesel,3,camion
3549.0,184.0,essence,3,camion
6060.0,185.0,diesel,2,camion
12382.0,788.0,electrique,3,camion
9601.0,644.0,diesel,3,camion
18042.0,413.0,diesel,2,camion
8576.0,732.0,diesel,3,camion
24660.0,286.0,diesel,3,camion
3158.0,471.0,diesel,2,camion
24983.0,838.0,diesel,3,camion
4410.0,824.0,diesel,3,camion
8871.0,475.0,essence,2,camion
4082.0,755.0,electrique,2,camion
17614.0,622.0,diesel,3,camion
21840.0,180.0,diesel,2,camion
17037.0,558.0,diesel,3,camion
23255.0,206.0,diesel,2,camion
3250.0,338.0,diesel,2,camion
8208.0,700.0,diesel,3,camion
9441.0,376.0,diesel,2,camion
3153.0,439.0,diesel,3,camion
5580.0,428.0,electrique,2,camion
5125.0,182.0,diesel,2,camion
12386.0,767.0,electrique,3,camion
14382.0,782.0,diesel,2,camion
20791.0,866.0,diesel,2,camion
15801.0,308.0,diesel,2,camion
19796.0,506.0,diesel,2,camion
8042.0,390.0,diesel,3,camion
10828.0,716.0,essence,2,camion
6224.0,438.0,diesel,2,camion
12110.0,779.0,diesel,3,camion
12549.0,304.0,diesel,3,camion
14650.0,865.0,electrique,3,camion
13912.0,697.0,diesel,3,camion
14641.0,646.0,diesel,3,camion
13027.0,162.0,diesel,2,camion
24685.0,794.0,diesel,3,camion
23273.0,584.0,diesel,2,camion
18650.0,273.0,diesel,3,camion
19637.0,602.0,diesel,2,camion
16478.0,448.0,diesel,3,camion
17509.0,740.0,diesel,2,camion
15317.0,566.0,diesel,2,camion
18078.0,664.0,diesel,2,camion
8104.0,697.0,diesel,2,camion
22564.0,413.0,diesel,2,camion
23142.0,574.0,diesel,3,camion
6973.0,621.0,diesel,3,camion
8789.0,585.0,diesel,2,camion
11140.0,741.0,diesel,2,camion
4321.0,596.0,diesel,3,camion
23949.0,520.0,diesel,3,camion
7358.0,298.0,diesel,2,camion
6324.0,292.0,diesel,2,camion
21214.0,598.0,diesel,3,camion
5269.0,664.0,diesel,3,camion
20507.0,736.0,diesel,3,camion
10927.0,718.0,diesel,2,camion
23461.0,563.0,diesel,3,camion
8195.0,460.0,diesel,2,camion
24479.0,517.0,diesel,3,camion
24820.0,152.0,diesel,3,camion
24551.0,522.0,diesel,2,camion
15052.0,404.0,diesel,2,camion
15016.0,719.0,electrique,3,camion
6299.0,303.0,diesel,3,camion
8133.0,322.0,electrique,2,camion
13303.0,470.0,diesel,3,camion
14016.0,762.0,essence,3,camion
18386.0,515.0,diesel,3,camion
6339.0,211.0,diesel,3,camion
13887.0,366.0,diesel,3,camion
4212.0,483.0,diesel,3,camion
6623.0,324.0,diesel,2,camion
3163.0,337.0,diesel,3,camion
3810.0,408.0,diesel,3,camion
7978.0,510.0,diesel,2,camion
7208.0,192.0,diesel,2,camion
12953.0,719.0,diesel,3,camion
15328.0,232.0,diesel,3,camion
20098.0,884.0,electrique,2,camion
13591.0,710.0,diesel,2,camion
9427.0,786.0,diesel,2,camion
24318.0,839.0,essence,2,camion
21227.0,200.0,diesel,3,camion
11798.0,275.0,electrique,3,camion
6823.0,680.0,diesel,3,camion
8308.0,704.0,diesel,3,camion
17150.0,638.0,diesel,2,camion
9120.0,512.0,diesel,3,camion
15471.0,892.0,electrique,2,camion
11569.0,291.0,diesel,2,camion
8819.0,562.0,diesel,3,camion
17393.0,519.0,diesel,2,camion
13319.0,456.0,diesel,3,camion
5386.0,333.0,diesel,2,camion
11218.0,235.0,electrique,2,camion
15052.0,436.0,essence,3,camion
2208.0,438.0,essence,2,camion
19929.0,574.0,diesel,2,camion
15787.0,297.0,diesel,3,camion
10637.0,560.0,electrique,3,camion
24237.0,537.0,diesel,3,camion
18145.0,386.0,diesel,2,camion
2307.0,625.0,diesel,3,camion
14862.0,609.0,diesel,2,camion
2471.0,205.0,electrique,3,camion
5457.0,269.0,diesel,2,camion
12203.0,504.0,electrique,2,camion
2323.0,625.0,diesel,3,camion
12693.0,612.0,diesel,3,camion
19532.0,254.0,diesel,2,camion
8499.0,660.0,diesel,2,camion
10711.0,154.0,diesel,3,camion
20252.0,476.0,diesel,2,camion
3096.0,517.0,diesel,2,camion
2908.0,704.0,essence,2,camion
7174.0,317.0,electrique,2,camion
22568.0,631.0,diesel,3,camion
22474.0,558.0,diesel,2,camion
13349.0,442.0,electrique,3,camion
13526.0,802.0,diesel,2,camion
20354.0,297.0,diesel,3,camion
24899.0,873.0,diesel,3,camion
2786.0,153.0,diesel,3,camion
9974.0,861.0,diesel,2,camion
7291.0,281.0,diesel,2,camion
8277.0,569.0,diesel,3,camion
12657.0,352.0,electrique,2,camion
7238.0,416.0,diesel,2,camion
22220.0,260.0,electrique,2,camion
24566.0,528.0,diesel,3,camion
10244.0,832.0,diesel,2,camion
6787.0,233.0,diesel,3,camion
11841.0,728.0,diesel,2,camion
13575.0,732.0,essence,3,camion
11400.0,401.0,diesel,3,camion
22814.0,470.0,diesel,3,camion
6206.0,350.0,diesel,2,camion
20293.0,530.0,diesel,2,camion
6964.0,303.0,diesel,3,camion
12130.0,554.0,diesel,3,camion
10373.0,576.0,diesel,2,camion
6534.0,466.0,diesel,3,camion
9307.0,415.0,diesel,3,camion
17959.0,600.0,electrique,3,camion
4860.0,366.0,diesel,2,camion
17694.0,837.0,diesel,2,camion
15531.0,717.0,diesel,3,camion
24032.0,580.0,diesel,3,camion
2238.0,787.0,diesel,3,camion
23016.0,562.0,diesel,2,camion
17692.0,228.0,diesel,3,camion
2379.0,792.0,diesel,3,camion
11754.0,399.0,diesel,3,camion
12670.0,485.0,electrique,2,camion
5457.0,820.0,diesel,3,camion
5946.0,199.0,diesel,3,camion
16886.0,309.0,diesel,3,camion
5666.0,301.0,diesel,2,camion
19491.0,515.0,diesel,3,camion
15158.0,338.0,diesel,3,camion
11714.0,817.0,essence,3,camion
21259.0,681.0,diesel,2,camion
2267.0,383.0,diesel,2,camion
19537.0,586.0,diesel,3,camion
21367.0,424.0,diesel,2,camion
2225.0,505.0,diesel,3,camion
10670.0,625.0,diesel,2,camion
14075.0,564.0,diesel,2,camion
19242.0,681.0,diesel,2,camion
13804.0,385.0,diesel,2,camion
4284.0,435.0,diesel,2,camion
9270.0,207.0,diesel,2,camion
20200.0,607.0,diesel,2,camion
5222.0,872.0,diesel,2,camion
15740.0,529.0,diesel,2,camion
23508.0,704.0,essence,2,camion
12170.0,787.0,diesel,2,camion
16978.0,266.0,diesel,2,camion
16571.0,246.0,diesel,3,camion
8454.0,712.0,diesel,2,camion
9009.0,563.0,electrique,2,camion
3263.0,890.0,electrique,2,camion
11879.0,719.0,diesel,3,camion
20257.0,770.0,diesel,3,camion
23488.0,469.0,diesel,2,camion
15497.0,159.0,diesel,3,camion
10724.0,789.0,diesel,3,camion
14994.0,664.0,diesel,2,camion
21375.0,543.0,essence,2,camion
21134.0,631.0,diesel,2,camion
22987.0,494.0,diesel,3,camion
2356.0,174.0,diesel,3,camion
24903.0,173.0,electrique,3,camion
11732.0,492.0,diesel,3,camion
6200.0,477.0,diesel,2,camion
16541.0,362.0,diesel,2,camion
5583.0,344.0,diesel,2,camion
16183.0,158.0,diesel,3,camion
9565.0,754.0,essence,2,camion
18947.0,210.0,diesel,3,camion
5740.0,242.0,diesel,3,camion
13244.0,869.0,diesel,3,camion
1672.0,423.0,diesel,2,camion
12958.0,196.0,diesel,2,camion
5869.0,520.0,diesel,3,camion
15503.0,353.0,diesel,3,camion
13327.0,343.0,diesel,2,camion
12180.0,492.0,electrique,2,camion
7101.0,807.0,electrique,2,camion
3945.0,291.0,essence,2,camion
9429.0,487.0,diesel,3,camion
24290.0,317.0,diesel,2,camion
8878.0,158.0,electrique,2,camion
21124.0,860.0,essence,3,camion
3897.0,772.0,diesel,2,camion
15497.0,639.0,electrique,2,camion
19252.0,872.0,diesel,2,camion
24745.0,846.0,diesel,3,camion
9727.0,231.0,diesel,3,camion
20875.0,532.0,diesel,3,camion
6378.0,527.0,electrique,2,camion
24477.0,899.0,diesel,2,camion
3946.0,169.0,electrique,3,camion
19661.0,759.0,electrique,3,camion
23923.0,444.0,diesel,3,camion
19889.0,411.0,diesel,2,camion
21321.0,627.0,diesel,3,camion
21627.0,717.0,diesel,3,camion
13824.0,247.0,diesel,2,camion
21776.0,844.0,diesel,3,camion
19228.0,274.0,diesel,3,camion
3988.0,159.0,diesel,2,camion
21066.0,774.0,diesel,3,camion
23243.0,741.0,diesel,3,camion
19557.0,588.0,diesel,2,camion
13569.0,259.0,diesel,2,camion
11991.0,777.0,electrique,3,camion
21659.0,249.0,diesel,2,camion
21368.0,180.0,electrique,2,camion
18044.0,582.0,electrique,2,camion
21816.0,865.0,diesel,2,camion
11423.0,448.0,diesel,3,camion
9585.0,364.0,diesel,2,camion
7829.0,328.0,diesel,2,camion
11623.0,212.0,electrique,2,camion
9853.0,653.0,electrique,3,camion
24359.0,496.0,diesel,2,camion
16858.0,213.0,diesel,2,camion
10580.0,777.0,diesel,2,camion
7901.0,235.0,electrique,2,camion
3848.0,707.0,diesel,2,camion
10709.0,541.0,diesel,3,camion
1630.0,471.0,essence,2,camion
18202.0,179.0,diesel,2,camion
17485.0,181.0,diesel,3,camion
9793.0,743.0,diesel,3,camion
4877.0,211.0,diesel,2,camion
21258.0,460.0,diesel,3,camion
17891.0,837.0,diesel,2,camion
15516.0,700.0,diesel,3,camion
14517.0,870.0,diesel,3,camion
12377.0,719.0,diesel,3,camion
5931.0,555.0,diesel,3,camion
2325.0,495.0,diesel,2,camion
17583.0,639.0,diesel,2,camion
6922.0,382.0,electrique,2,camion
20109.0,850.0,diesel,3,camion
2453.0,780.0,diesel,2,camion
4424.0,602.0,diesel,2,camion
23725.0,454.0,diesel,2,camion
2208.0,366.0,electrique,3,camion
23674.0,427.0,diesel,3,camion
3567.0,620.0,diesel,3,camion
10812.0,544.0,diesel,3,camion
6704.0,775.0,diesel,3,camion
